<msdyn_sessiontemplate msdyn_uniquename="sample_TwilioCallSessionTemplate">
  <iscustomizable>1</iscustomizable>
  <msdyn_anchortab>
    <msdyn_uniquename>sample_contacts</msdyn_uniquename>
  </msdyn_anchortab>
  <msdyn_enablebuildexpression>0</msdyn_enablebuildexpression>
  <msdyn_name default="TwilioCallSessionTemplate">
    <label description="TwilioCallSessionTemplate" languagecode="1033" />
  </msdyn_name>
  <msdyn_panelstate>162450002</msdyn_panelstate>
  <msdyn_sessiontype>0</msdyn_sessiontype>
  <msdyn_title default="Call from {customer}">
    <label description="Call from {customer}" languagecode="1033" />
  </msdyn_title>
  <msdyn_type>0</msdyn_type>
  <statecode>0</statecode>
  <statuscode>1</statuscode>
</msdyn_sessiontemplate>