<entities >
  <entity name="msdyn_consoleapplicationtemplate" displayname="Application Tab Template" etc="10542" primaryidfield="msdyn_consoleapplicationtemplateid" primarynamefield="msdyn_name" disableplugins="false">
    <fields>
      <field displayname="Application title" name="msdyn_title" type="string" customfield="true" />
      <field displayname="Application type" name="msdyn_pagetype" type="entityreference" lookupType="msdyn_consoleapplicationtype" customfield="true" />
      <field displayname="ConsoleApplicationTemplate" name="msdyn_consoleapplicationtemplateid" type="guid" primaryKey="true" />
      <field displayname="Created By" name="createdby" type="entityreference" lookupType="systemuser" />
      <field displayname="Created By (Delegate)" name="createdonbehalfby" type="entityreference" lookupType="systemuser" />
      <field displayname="Created On" name="createdon" type="datetime" />
      <field displayname="Description" name="msdyn_description" type="string" customfield="true" />
      <field displayname="Icon" name="msdyn_icon" type="string" customfield="true" />
      <field displayname="Import Sequence Number" name="importsequencenumber" type="number" />
      <field displayname="Is Stale" name="msdyn_isstale" type="bool" customfield="true" />
      <field displayname="Modified By" name="modifiedby" type="entityreference" lookupType="systemuser" />
      <field displayname="Modified By (Delegate)" name="modifiedonbehalfby" type="entityreference" lookupType="systemuser" />
      <field displayname="Modified On" name="modifiedon" type="datetime" />
      <field displayname="Name" name="msdyn_name" type="string" customfield="true" />
      <field displayname="Owner" name="ownerid" type="owner" />
      <field displayname="Owning Business Unit" name="owningbusinessunit" type="entityreference" lookupType="businessunit" />
      <field displayname="Owning Team" name="owningteam" type="entityreference" lookupType="team" />
      <field displayname="Owning User" name="owninguser" type="entityreference" lookupType="systemuser" />
      <field displayname="Pinned" name="msdyn_pinned" type="bool" customfield="true" />
      <field displayname="Record Created On" name="overriddencreatedon" type="datetime" />
      <field displayname="Status" name="statecode" type="state" />
      <field displayname="Status Reason" name="statuscode" type="status" />
      <field displayname="Template Parameters" name="msdyn_templateparameters" type="string" customfield="true" />
      <field displayname="Time Zone Rule Version Number" name="timezoneruleversionnumber" type="number" />
      <field displayname="UTC Conversion Time Zone Code" name="utcconversiontimezonecode" type="number" />
      <field displayname="Version Number" name="versionnumber" type="bigint" />
    </fields>
    <relationships>
      <relationship name="msdyn_msdyn_consoleapplicationtemplate_msdyn_" manyToMany="true" isreflexive="false" relatedEntityName="msdyn_msdyn_consoleapplicationtemplate_msdyn_" m2mTargetEntity="msdyn_consoleapplicationtemplateparameter" m2mTargetEntityPrimaryKey="msdyn_consoleapplicationtemplateparameterid" />
    </relationships>
  </entity>
  <entity name="msdyn_consoleapplicationnotificationtemplate" displayname="Notification Template" etc="10539" primaryidfield="msdyn_consoleapplicationnotificationtemplateid" primarynamefield="msdyn_name" disableplugins="false">
    <fields>
      <field displayname="ActionButtons (Deprecated)" name="msdyn_actionbuttons" type="optionsetvaluecollection" customfield="true" />
      <field displayname="ConsoleApplicationNotificationTemplate" name="msdyn_consoleapplicationnotificationtemplateid" type="guid" primaryKey="true" />
      <field displayname="Created By" name="createdby" type="entityreference" lookupType="systemuser" />
      <field displayname="Created By (Delegate)" name="createdonbehalfby" type="entityreference" lookupType="systemuser" />
      <field displayname="Created On" name="createdon" type="datetime" />
      <field displayname="Icon" name="msdyn_icon" type="string" customfield="true" />
      <field displayname="Import Sequence Number" name="importsequencenumber" type="number" />
      <field displayname="Modified By" name="modifiedby" type="entityreference" lookupType="systemuser" />
      <field displayname="Modified By (Delegate)" name="modifiedonbehalfby" type="entityreference" lookupType="systemuser" />
      <field displayname="Modified On" name="modifiedon" type="datetime" />
      <field displayname="Name" name="msdyn_name" type="string" customfield="true" />
      <field displayname="Notification Buttons" name="msdyn_notificationbuttons" type="string" customfield="true" />
      <field displayname="Notification Fields" name="msdyn_notificationfieldsplaceholder" type="string" customfield="true" />
      <field displayname="Notification order" name="msdyn_renderingorder" type="number" customfield="true" />
      <field displayname="Owner" name="ownerid" type="owner" />
      <field displayname="Owning Business Unit" name="owningbusinessunit" type="entityreference" lookupType="businessunit" />
      <field displayname="Owning Team" name="owningteam" type="entityreference" lookupType="team" />
      <field displayname="Owning User" name="owninguser" type="entityreference" lookupType="systemuser" />
      <field displayname="Record Created On" name="overriddencreatedon" type="datetime" />
      <field displayname="Status" name="statecode" type="state" />
      <field displayname="Status Reason" name="statuscode" type="status" />
      <field displayname="Time Zone Rule Version Number" name="timezoneruleversionnumber" type="number" />
      <field displayname="Timeout (seconds)" name="msdyn_timeout" type="number" customfield="true" />
      <field displayname="Title" name="msdyn_title" type="string" customfield="true" />
      <field displayname="UTC Conversion Time Zone Code" name="utcconversiontimezonecode" type="number" />
      <field displayname="Version Number" name="versionnumber" type="bigint" />
    </fields>
    <relationships>
      <relationship name="msdyn_msdyn_consoleapplicationnotificationtem" manyToMany="true" isreflexive="false" relatedEntityName="msdyn_msdyn_consoleapplicationnotificationtem" m2mTargetEntity="msdyn_consoleapplicationnotificationfield" m2mTargetEntityPrimaryKey="msdyn_consoleapplicationnotificationfieldid" />
    </relationships>
  </entity>
  <entity name="msdyn_consoleapplicationtemplateparameter" displayname="Parameter" etc="10543" primaryidfield="msdyn_consoleapplicationtemplateparameterid" primarynamefield="msdyn_name" disableplugins="false">
    <fields>
      <field displayname="ConsoleApplicationTemplateParameter" name="msdyn_consoleapplicationtemplateparameterid" type="guid" primaryKey="true" />
      <field displayname="Created By" name="createdby" type="entityreference" lookupType="systemuser" />
      <field displayname="Created By (Delegate)" name="createdonbehalfby" type="entityreference" lookupType="systemuser" />
      <field displayname="Created On" name="createdon" type="datetime" />
      <field displayname="Import Sequence Number" name="importsequencenumber" type="number" />
      <field displayname="Is Runtime" name="msdyn_isruntime" type="bool" customfield="true" />
      <field displayname="Modified By" name="modifiedby" type="entityreference" lookupType="systemuser" />
      <field displayname="Modified By (Delegate)" name="modifiedonbehalfby" type="entityreference" lookupType="systemuser" />
      <field displayname="Modified On" name="modifiedon" type="datetime" />
      <field displayname="Name" name="msdyn_name" type="string" customfield="true" />
      <field displayname="Owner" name="ownerid" type="owner" />
      <field displayname="Owning Business Unit" name="owningbusinessunit" type="entityreference" lookupType="businessunit" />
      <field displayname="Owning Team" name="owningteam" type="entityreference" lookupType="team" />
      <field displayname="Owning User" name="owninguser" type="entityreference" lookupType="systemuser" />
      <field displayname="Parameter Name" name="msdyn_parametername" type="string" customfield="true" />
      <field displayname="Record Created On" name="overriddencreatedon" type="datetime" />
      <field displayname="Runtime Type" name="msdyn_runtimetype" type="optionsetvalue" customfield="true" />
      <field displayname="Status" name="statecode" type="state" />
      <field displayname="Status Reason" name="statuscode" type="status" />
      <field displayname="Time Zone Rule Version Number" name="timezoneruleversionnumber" type="number" />
      <field displayname="UTC Conversion Time Zone Code" name="utcconversiontimezonecode" type="number" />
      <field displayname="Value" name="msdyn_value" type="string" customfield="true" />
      <field displayname="Version Number" name="versionnumber" type="bigint" />
    </fields>
  </entity>
  <entity name="msdyn_consoleapplicationsessiontemplate" displayname="Session Templates" etc="10541" primaryidfield="msdyn_consoleapplicationsessiontemplateid" primarynamefield="msdyn_name" disableplugins="false">
    <fields>
      <field displayname="Anchor tab" name="msdyn_anchortab" type="entityreference" lookupType="msdyn_consoleapplicationtemplate" customfield="true" />
      <field displayname="Communication panel mode" name="msdyn_panelstate" type="optionsetvalue" customfield="true" />
      <field displayname="Created By" name="createdby" type="entityreference" lookupType="systemuser" />
      <field displayname="Created By (Delegate)" name="createdonbehalfby" type="entityreference" lookupType="systemuser" />
      <field displayname="Created On" name="createdon" type="datetime" />
      <field displayname="Description" name="msdyn_description" type="string" customfield="true" />
      <field displayname="Icon" name="msdyn_icon" type="string" customfield="true" />
      <field displayname="Import Sequence Number" name="importsequencenumber" type="number" />
      <field displayname="IsPanelHidden" name="msdyn_ispanelhidden" type="bool" customfield="true" />
      <field displayname="Modified By" name="modifiedby" type="entityreference" lookupType="systemuser" />
      <field displayname="Modified By (Delegate)" name="modifiedonbehalfby" type="entityreference" lookupType="systemuser" />
      <field displayname="Modified On" name="modifiedon" type="datetime" />
      <field displayname="Name" name="msdyn_name" type="string" customfield="true" />
      <field displayname="Owner" name="ownerid" type="owner" />
      <field displayname="Owning Business Unit" name="owningbusinessunit" type="entityreference" lookupType="businessunit" />
      <field displayname="Owning Team" name="owningteam" type="entityreference" lookupType="team" />
      <field displayname="Owning User" name="owninguser" type="entityreference" lookupType="systemuser" />
      <field displayname="Pinned" name="msdyn_pinned" type="bool" customfield="true" />
      <field displayname="Record Created On" name="overriddencreatedon" type="datetime" />
      <field displayname="Session order" name="msdyn_renderingorder" type="number" customfield="true" />
      <field displayname="Session Template Id" name="msdyn_consoleapplicationsessiontemplateid" type="guid" primaryKey="true" />
      <field displayname="Session title" name="msdyn_title" type="string" customfield="true" />
      <field displayname="Status" name="statecode" type="state" />
      <field displayname="Status Reason" name="statuscode" type="status" />
      <field displayname="Time Zone Rule Version Number" name="timezoneruleversionnumber" type="number" />
      <field displayname="UTC Conversion Time Zone Code" name="utcconversiontimezonecode" type="number" />
      <field displayname="Version Number" name="versionnumber" type="bigint" />
    </fields>
    <relationships>
      <relationship name="msdyn_msdyn_consoleapplicationsessiontemplate" manyToMany="true" isreflexive="false" relatedEntityName="msdyn_msdyn_consoleapplicationsessiontemplate" m2mTargetEntity="msdyn_consoleapplicationtemplate" m2mTargetEntityPrimaryKey="msdyn_consoleapplicationtemplateid" />
    </relationships>
  </entity>
  <entity name="msdyn_consoleapplicationnotificationfield" displayname="Notification Field" etc="10538" primaryidfield="msdyn_consoleapplicationnotificationfieldid" primarynamefield="msdyn_name" disableplugins="false">
    <fields>
      <field displayname="ConsoleApplicationNotificationField" name="msdyn_consoleapplicationnotificationfieldid" type="guid" primaryKey="true" />
      <field displayname="Created By" name="createdby" type="entityreference" lookupType="systemuser" />
      <field displayname="Created By (Delegate)" name="createdonbehalfby" type="entityreference" lookupType="systemuser" />
      <field displayname="Created On" name="createdon" type="datetime" />
      <field displayname="Field header" name="msdyn_lineheader" type="string" customfield="true" />
      <field displayname="Import Sequence Number" name="importsequencenumber" type="number" />
      <field displayname="Modified By" name="modifiedby" type="entityreference" lookupType="systemuser" />
      <field displayname="Modified By (Delegate)" name="modifiedonbehalfby" type="entityreference" lookupType="systemuser" />
      <field displayname="Modified On" name="modifiedon" type="datetime" />
      <field displayname="Name" name="msdyn_name" type="string" customfield="true" />
      <field displayname="Owner" name="ownerid" type="owner" />
      <field displayname="Owning Business Unit" name="owningbusinessunit" type="entityreference" lookupType="businessunit" />
      <field displayname="Owning Team" name="owningteam" type="entityreference" lookupType="team" />
      <field displayname="Owning User" name="owninguser" type="entityreference" lookupType="systemuser" />
      <field displayname="Priority" name="msdyn_priority" type="number" customfield="true" />
      <field displayname="Record Created On" name="overriddencreatedon" type="datetime" />
      <field displayname="Status" name="statecode" type="state" />
      <field displayname="Status Reason" name="statuscode" type="status" />
      <field displayname="Time Zone Rule Version Number" name="timezoneruleversionnumber" type="number" />
      <field displayname="UTC Conversion Time Zone Code" name="utcconversiontimezonecode" type="number" />
      <field displayname="Value" name="msdyn_value" type="string" customfield="true" />
      <field displayname="Version Number" name="versionnumber" type="bigint" />
    </fields>
  </entity>
</entities>