
<entities xmlns:xsi="http://www.w3.org/2001/XMLSchema-instance" xmlns:xsd="http://www.w3.org/2001/XMLSchema" timestamp="8/29/2019 1:46:02 PM">
  <entity name="msdyn_consoleapplicationtemplate" displayname="Application Tab Template">
    <records>
      <record id="aec047f0-0dae-e911-a984-000d3a33efbc">
        <field name="msdyn_title" value="My Contacts" />
        <field name="msdyn_pagetype" value="2b47c50e-1246-e911-8190-000d3a6cc47a" lookupentity="msdyn_consoleapplicationtype" lookupentityname="entitylist" />
        <field name="msdyn_consoleapplicationtemplateid" value="aec047f0-0dae-e911-a984-000d3a33efbc" />
        <field name="createdby" value="8afc20db-a594-e911-a9c2-000d3a33bcb9" lookupentity="systemuser" lookupentityname="Alicia Thomber" />
        <field name="createdon" value="7/24/2019 12:24:11 PM" />
        <field name="msdyn_isstale" value="False" />
        <field name="modifiedby" value="8afc20db-a594-e911-a9c2-000d3a33bcb9" lookupentity="systemuser" lookupentityname="Alicia Thomber" />
        <field name="modifiedon" value="8/27/2019 5:42:00 PM" />
        <field name="msdyn_name" value="Contacts" />
        <field name="ownerid" value="8afc20db-a594-e911-a9c2-000d3a33bcb9" lookupentity="systemuser" lookupentityname="Alicia Thomber" />
        <field name="owningbusinessunit" value="d8b926f1-398f-e911-a9c5-000d3a33bfb5" lookupentity="businessunit" />
        <field name="owninguser" value="8afc20db-a594-e911-a9c2-000d3a33bcb9" lookupentity="systemuser" />
        <field name="msdyn_pinned" value="False" />
        <field name="statecode" value="0" />
        <field name="statuscode" value="1" />
        <field name="msdyn_templateparameters" value="{&amp;quot;entityName&amp;quot;:{&amp;quot;isRuntime&amp;quot;:true,&amp;quot;type&amp;quot;:&amp;quot;string&amp;quot;,&amp;quot;value&amp;quot;:&amp;quot;contact&amp;quot;},&amp;quot;viewId&amp;quot;:{&amp;quot;isRuntime&amp;quot;:false,&amp;quot;type&amp;quot;:&amp;quot;string&amp;quot;,&amp;quot;value&amp;quot;:&amp;quot;00000000-0000-0000-00AA-000010001003&amp;quot;},&amp;quot;viewType&amp;quot;:{&amp;quot;isRuntime&amp;quot;:false,&amp;quot;type&amp;quot;:&amp;quot;string&amp;quot;,&amp;quot;value&amp;quot;:null}}" />
      </record>
      <record id="75e07dd1-d7c8-e911-a987-000d3a33efbc">
        <field name="msdyn_title" value="Bing" />
        <field name="msdyn_pagetype" value="52f3f6d8-e5b8-e911-a985-000d3a33efbc" lookupentity="msdyn_consoleapplicationtype" lookupentityname="ThirdPartyWebsite" />
        <field name="msdyn_consoleapplicationtemplateid" value="75e07dd1-d7c8-e911-a987-000d3a33efbc" />
        <field name="createdby" value="8afc20db-a594-e911-a9c2-000d3a33bcb9" lookupentity="systemuser" lookupentityname="Alicia Thomber" />
        <field name="createdon" value="8/27/2019 2:34:47 PM" />
        <field name="msdyn_isstale" value="False" />
        <field name="modifiedby" value="8afc20db-a594-e911-a9c2-000d3a33bcb9" lookupentity="systemuser" lookupentityname="Alicia Thomber" />
        <field name="modifiedon" value="8/28/2019 12:34:01 PM" />
        <field name="msdyn_name" value="Bing" />
        <field name="ownerid" value="8afc20db-a594-e911-a9c2-000d3a33bcb9" lookupentity="systemuser" lookupentityname="Alicia Thomber" />
        <field name="owningbusinessunit" value="d8b926f1-398f-e911-a9c5-000d3a33bfb5" lookupentity="businessunit" />
        <field name="owninguser" value="8afc20db-a594-e911-a9c2-000d3a33bcb9" lookupentity="systemuser" />
        <field name="msdyn_pinned" value="False" />
        <field name="statecode" value="0" />
        <field name="statuscode" value="1" />
        <field name="msdyn_templateparameters" value="{&amp;quot;webresourceName&amp;quot;:{&amp;quot;isRuntime&amp;quot;:false,&amp;quot;type&amp;quot;:&amp;quot;string&amp;quot;,&amp;quot;value&amp;quot;:&amp;quot;msdyn_ExternalWebPageContainer.html&amp;quot;},&amp;quot;data&amp;quot;:{&amp;quot;isRuntime&amp;quot;:true,&amp;quot;type&amp;quot;:&amp;quot;string&amp;quot;,&amp;quot;value&amp;quot;:&amp;quot;url=https:\/\/www.bing.com\/search?q%3D{searchQ}&amp;quot;}}" />
      </record>
      <record id="e1335f5c-6e50-e911-8194-000d3a6d0007">
        <field name="msdyn_pagetype" value="412912c7-1146-e911-8190-000d3a6cc47a" lookupentity="msdyn_consoleapplicationtype" lookupentityname="entityrecord" />
        <field name="msdyn_consoleapplicationtemplateid" value="e1335f5c-6e50-e911-8194-000d3a6d0007" />
        <field name="createdby" value="d6e088ce-8866-4b3d-8ea2-150ad72e2b79" lookupentity="systemuser" lookupentityname="Omnichannel AppUser" />
        <field name="createdon" value="7/9/2019 5:00:12 AM" />
        <field name="msdyn_isstale" value="False" />
        <field name="modifiedby" value="d6e088ce-8866-4b3d-8ea2-150ad72e2b79" lookupentity="systemuser" lookupentityname="Omnichannel AppUser" />
        <field name="modifiedon" value="7/9/2019 5:11:49 AM" />
        <field name="msdyn_name" value="entityrecord" />
        <field name="ownerid" value="d6e088ce-8866-4b3d-8ea2-150ad72e2b79" lookupentity="systemuser" lookupentityname="Omnichannel AppUser" />
        <field name="owningbusinessunit" value="d8b926f1-398f-e911-a9c5-000d3a33bfb5" lookupentity="businessunit" />
        <field name="owninguser" value="d6e088ce-8866-4b3d-8ea2-150ad72e2b79" lookupentity="systemuser" />
        <field name="msdyn_pinned" value="False" />
        <field name="statecode" value="0" />
        <field name="statuscode" value="1" />
        <field name="msdyn_templateparameters" value="{&amp;quot;data&amp;quot;:{&amp;quot;isRuntime&amp;quot;:true,&amp;quot;type&amp;quot;:&amp;quot;json&amp;quot;,&amp;quot;value&amp;quot;:null},&amp;quot;entityName&amp;quot;:{&amp;quot;isRuntime&amp;quot;:true,&amp;quot;type&amp;quot;:&amp;quot;string&amp;quot;,&amp;quot;value&amp;quot;:null},&amp;quot;entityId&amp;quot;:{&amp;quot;isRuntime&amp;quot;:true,&amp;quot;type&amp;quot;:&amp;quot;string&amp;quot;,&amp;quot;value&amp;quot;:null},&amp;quot;createFromEntity&amp;quot;:{&amp;quot;isRuntime&amp;quot;:true,&amp;quot;type&amp;quot;:&amp;quot;json&amp;quot;,&amp;quot;value&amp;quot;:null},&amp;quot;formId&amp;quot;:{&amp;quot;isRuntime&amp;quot;:false,&amp;quot;type&amp;quot;:&amp;quot;string&amp;quot;,&amp;quot;value&amp;quot;:null},&amp;quot;processId&amp;quot;:{&amp;quot;isRuntime&amp;quot;:false,&amp;quot;type&amp;quot;:&amp;quot;string&amp;quot;,&amp;quot;value&amp;quot;:null},&amp;quot;processInstanceId&amp;quot;:{&amp;quot;isRuntime&amp;quot;:true,&amp;quot;type&amp;quot;:&amp;quot;string&amp;quot;,&amp;quot;value&amp;quot;:null},&amp;quot;selectedStageId&amp;quot;:{&amp;quot;isRuntime&amp;quot;:true,&amp;quot;type&amp;quot;:&amp;quot;string&amp;quot;,&amp;quot;value&amp;quot;:null},&amp;quot;isCrossEntityNavigate&amp;quot;:{&amp;quot;isRuntime&amp;quot;:false,&amp;quot;type&amp;quot;:&amp;quot;boolean&amp;quot;,&amp;quot;value&amp;quot;:null},&amp;quot;relationship&amp;quot;:{&amp;quot;isRuntime&amp;quot;:false,&amp;quot;type&amp;quot;:&amp;quot;json&amp;quot;,&amp;quot;value&amp;quot;:null},&amp;quot;isOfflineSyncError&amp;quot;:{&amp;quot;isRuntime&amp;quot;:true,&amp;quot;type&amp;quot;:&amp;quot;boolean&amp;quot;,&amp;quot;value&amp;quot;:&amp;quot;0&amp;quot;}}" />
      </record>
    </records>
    <m2mrelationships>
      <m2mrelationship sourceid="aec047f0-0dae-e911-a984-000d3a33efbc" targetentityname="msdyn_consoleapplicationtemplateparameter" targetentitynameidfield="msdyn_consoleapplicationtemplateparameterid" m2mrelationshipname="msdyn_msdyn_consoleapplicationtemplate_msdyn_">
        <targetids>
          <targetid>afc047f0-0dae-e911-a984-000d3a33efbc</targetid>
          <targetid>6c016184-f1c8-e911-a987-000d3a33efbc</targetid>
          <targetid>6d016184-f1c8-e911-a987-000d3a33efbc</targetid>
        </targetids>
      </m2mrelationship>
      <m2mrelationship sourceid="75e07dd1-d7c8-e911-a987-000d3a33efbc" targetentityname="msdyn_consoleapplicationtemplateparameter" targetentitynameidfield="msdyn_consoleapplicationtemplateparameterid" m2mrelationshipname="msdyn_msdyn_consoleapplicationtemplate_msdyn_">
        <targetids>
          <targetid>30b7766f-81c9-e911-a987-000d3a33efbc</targetid>
          <targetid>31b7766f-81c9-e911-a987-000d3a33efbc</targetid>
        </targetids>
      </m2mrelationship>
      <m2mrelationship sourceid="aacbfa10-81c9-e911-a987-000d3a33efbc" targetentityname="msdyn_consoleapplicationtemplateparameter" targetentitynameidfield="msdyn_consoleapplicationtemplateparameterid" m2mrelationshipname="msdyn_msdyn_consoleapplicationtemplate_msdyn_">
        <targetids>
          <targetid>abcbfa10-81c9-e911-a987-000d3a33efbc</targetid>
          <targetid>accbfa10-81c9-e911-a987-000d3a33efbc</targetid>
        </targetids>
      </m2mrelationship>
      <m2mrelationship sourceid="e1335f5c-6e50-e911-8194-000d3a6d0007" targetentityname="msdyn_consoleapplicationtemplateparameter" targetentitynameidfield="msdyn_consoleapplicationtemplateparameterid" m2mrelationshipname="msdyn_msdyn_consoleapplicationtemplate_msdyn_">
        <targetids>
          <targetid>8242253f-525b-e911-a9a4-000d3a36cc30</targetid>
          <targetid>8742253f-525b-e911-a9a4-000d3a36cc30</targetid>
          <targetid>8c42253f-525b-e911-a9a4-000d3a36cc30</targetid>
          <targetid>8e42253f-525b-e911-a9a4-000d3a36cc30</targetid>
          <targetid>8f42253f-525b-e911-a9a4-000d3a36cc30</targetid>
          <targetid>9042253f-525b-e911-a9a4-000d3a36cc30</targetid>
          <targetid>9142253f-525b-e911-a9a4-000d3a36cc30</targetid>
          <targetid>9242253f-525b-e911-a9a4-000d3a36cc30</targetid>
          <targetid>9342253f-525b-e911-a9a4-000d3a36cc30</targetid>
          <targetid>9442253f-525b-e911-a9a4-000d3a36cc30</targetid>
          <targetid>9542253f-525b-e911-a9a4-000d3a36cc30</targetid>
        </targetids>
      </m2mrelationship>
    </m2mrelationships>
  </entity>
  <entity name="msdyn_consoleapplicationnotificationtemplate" displayname="Notification Template">
    <records>
      <record id="67c834c7-d0c8-e911-a987-000d3a33efbc">
        <field name="msdyn_consoleapplicationnotificationtemplateid" value="67c834c7-d0c8-e911-a987-000d3a33efbc" />
        <field name="createdby" value="8afc20db-a594-e911-a9c2-000d3a33bcb9" lookupentity="systemuser" lookupentityname="Alicia Thomber" />
        <field name="createdon" value="8/27/2019 1:44:32 PM" />
        <field name="msdyn_icon" value="/webresources/call_icon.svg" />
        <field name="modifiedby" value="8afc20db-a594-e911-a9c2-000d3a33bcb9" lookupentity="systemuser" lookupentityname="Alicia Thomber" />
        <field name="modifiedon" value="8/27/2019 1:46:55 PM" />
        <field name="msdyn_name" value="IncomingCallNotification" />
        <field name="msdyn_notificationbuttons" value="{&amp;quot;Accept_Button_String&amp;quot;:&amp;quot;Accept&amp;quot;,&amp;quot;Reject_Button_Enabled&amp;quot;:true,&amp;quot;Reject_Button_String&amp;quot;:&amp;quot;Reject&amp;quot;}" />
        <field name="ownerid" value="8afc20db-a594-e911-a9c2-000d3a33bcb9" lookupentity="systemuser" lookupentityname="Alicia Thomber" />
        <field name="owningbusinessunit" value="d8b926f1-398f-e911-a9c5-000d3a33bfb5" lookupentity="businessunit" />
        <field name="owninguser" value="8afc20db-a594-e911-a9c2-000d3a33bcb9" lookupentity="systemuser" />
        <field name="statecode" value="0" />
        <field name="statuscode" value="1" />
        <field name="msdyn_timeout" value="120" />
        <field name="msdyn_title" value="Call from {number}" />
      </record>
    </records>
    <m2mrelationships />
  </entity>
  <entity name="msdyn_consoleapplicationtemplateparameter" displayname="Parameter">
    <records>
      <record id="afc047f0-0dae-e911-a984-000d3a33efbc">
        <field name="msdyn_consoleapplicationtemplateparameterid" value="afc047f0-0dae-e911-a984-000d3a33efbc" />
        <field name="createdby" value="8afc20db-a594-e911-a9c2-000d3a33bcb9" lookupentity="systemuser" lookupentityname="Alicia Thomber" />
        <field name="createdon" value="7/24/2019 12:24:11 PM" />
        <field name="msdyn_isruntime" value="True" />
        <field name="modifiedby" value="8afc20db-a594-e911-a9c2-000d3a33bcb9" lookupentity="systemuser" lookupentityname="Alicia Thomber" />
        <field name="modifiedon" value="7/24/2019 12:24:25 PM" />
        <field name="msdyn_name" value="contacts_entityName" />
        <field name="ownerid" value="8afc20db-a594-e911-a9c2-000d3a33bcb9" lookupentity="systemuser" lookupentityname="Alicia Thomber" />
        <field name="owningbusinessunit" value="d8b926f1-398f-e911-a9c5-000d3a33bfb5" lookupentity="businessunit" />
        <field name="owninguser" value="8afc20db-a594-e911-a9c2-000d3a33bcb9" lookupentity="systemuser" />
        <field name="msdyn_parametername" value="entityName" />
        <field name="msdyn_runtimetype" value="110000000" />
        <field name="statecode" value="0" />
        <field name="statuscode" value="1" />
        <field name="msdyn_value" value="contact" />
      </record>
      <record id="6c016184-f1c8-e911-a987-000d3a33efbc">
        <field name="msdyn_consoleapplicationtemplateparameterid" value="6c016184-f1c8-e911-a987-000d3a33efbc" />
        <field name="createdby" value="8afc20db-a594-e911-a9c2-000d3a33bcb9" lookupentity="systemuser" lookupentityname="Alicia Thomber" />
        <field name="createdon" value="8/27/2019 5:38:45 PM" />
        <field name="msdyn_isruntime" value="False" />
        <field name="modifiedby" value="8afc20db-a594-e911-a9c2-000d3a33bcb9" lookupentity="systemuser" lookupentityname="Alicia Thomber" />
        <field name="modifiedon" value="8/27/2019 5:42:00 PM" />
        <field name="msdyn_name" value="contacts_viewId" />
        <field name="ownerid" value="8afc20db-a594-e911-a9c2-000d3a33bcb9" lookupentity="systemuser" lookupentityname="Alicia Thomber" />
        <field name="owningbusinessunit" value="d8b926f1-398f-e911-a9c5-000d3a33bfb5" lookupentity="businessunit" />
        <field name="owninguser" value="8afc20db-a594-e911-a9c2-000d3a33bcb9" lookupentity="systemuser" />
        <field name="msdyn_parametername" value="viewId" />
        <field name="msdyn_runtimetype" value="110000000" />
        <field name="statecode" value="0" />
        <field name="statuscode" value="1" />
        <field name="msdyn_value" value="00000000-0000-0000-00AA-000010001003" />
      </record>
      <record id="6d016184-f1c8-e911-a987-000d3a33efbc">
        <field name="msdyn_consoleapplicationtemplateparameterid" value="6d016184-f1c8-e911-a987-000d3a33efbc" />
        <field name="createdby" value="8afc20db-a594-e911-a9c2-000d3a33bcb9" lookupentity="systemuser" lookupentityname="Alicia Thomber" />
        <field name="createdon" value="8/27/2019 5:38:45 PM" />
        <field name="msdyn_isruntime" value="False" />
        <field name="modifiedby" value="8afc20db-a594-e911-a9c2-000d3a33bcb9" lookupentity="systemuser" lookupentityname="Alicia Thomber" />
        <field name="modifiedon" value="8/27/2019 5:38:45 PM" />
        <field name="msdyn_name" value="contacts_viewType" />
        <field name="ownerid" value="8afc20db-a594-e911-a9c2-000d3a33bcb9" lookupentity="systemuser" lookupentityname="Alicia Thomber" />
        <field name="owningbusinessunit" value="d8b926f1-398f-e911-a9c5-000d3a33bfb5" lookupentity="businessunit" />
        <field name="owninguser" value="8afc20db-a594-e911-a9c2-000d3a33bcb9" lookupentity="systemuser" />
        <field name="msdyn_parametername" value="viewType" />
        <field name="msdyn_runtimetype" value="110000000" />
        <field name="statecode" value="0" />
        <field name="statuscode" value="1" />
      </record>
      <record id="30b7766f-81c9-e911-a987-000d3a33efbc">
        <field name="msdyn_consoleapplicationtemplateparameterid" value="30b7766f-81c9-e911-a987-000d3a33efbc" />
        <field name="createdby" value="8afc20db-a594-e911-a9c2-000d3a33bcb9" lookupentity="systemuser" lookupentityname="Alicia Thomber" />
        <field name="createdon" value="8/28/2019 10:49:06 AM" />
        <field name="msdyn_isruntime" value="False" />
        <field name="modifiedby" value="8afc20db-a594-e911-a9c2-000d3a33bcb9" lookupentity="systemuser" lookupentityname="Alicia Thomber" />
        <field name="modifiedon" value="8/28/2019 12:34:01 PM" />
        <field name="msdyn_name" value="bing_url" />
        <field name="ownerid" value="8afc20db-a594-e911-a9c2-000d3a33bcb9" lookupentity="systemuser" lookupentityname="Alicia Thomber" />
        <field name="owningbusinessunit" value="d8b926f1-398f-e911-a9c5-000d3a33bfb5" lookupentity="businessunit" />
        <field name="owninguser" value="8afc20db-a594-e911-a9c2-000d3a33bcb9" lookupentity="systemuser" />
        <field name="msdyn_parametername" value="url" />
        <field name="msdyn_runtimetype" value="110000000" />
        <field name="statecode" value="0" />
        <field name="statuscode" value="1" />
        <field name="msdyn_value" value="https://www.bing.com/search?q={searchQ}" />
      </record>
      <record id="31b7766f-81c9-e911-a987-000d3a33efbc">
        <field name="msdyn_consoleapplicationtemplateparameterid" value="31b7766f-81c9-e911-a987-000d3a33efbc" />
        <field name="createdby" value="8afc20db-a594-e911-a9c2-000d3a33bcb9" lookupentity="systemuser" lookupentityname="Alicia Thomber" />
        <field name="createdon" value="8/28/2019 10:49:06 AM" />
        <field name="msdyn_isruntime" value="False" />
        <field name="modifiedby" value="8afc20db-a594-e911-a9c2-000d3a33bcb9" lookupentity="systemuser" lookupentityname="Alicia Thomber" />
        <field name="modifiedon" value="8/28/2019 10:49:06 AM" />
        <field name="msdyn_name" value="bing_data" />
        <field name="ownerid" value="8afc20db-a594-e911-a9c2-000d3a33bcb9" lookupentity="systemuser" lookupentityname="Alicia Thomber" />
        <field name="owningbusinessunit" value="d8b926f1-398f-e911-a9c5-000d3a33bfb5" lookupentity="businessunit" />
        <field name="owninguser" value="8afc20db-a594-e911-a9c2-000d3a33bcb9" lookupentity="systemuser" />
        <field name="msdyn_parametername" value="data" />
        <field name="msdyn_runtimetype" value="110000000" />
        <field name="statecode" value="0" />
        <field name="statuscode" value="1" />
      </record>
      <record id="8242253f-525b-e911-a9a4-000d3a36cc30">
        <field name="msdyn_consoleapplicationtemplateparameterid" value="8242253f-525b-e911-a9a4-000d3a36cc30" />
        <field name="createdby" value="d6e088ce-8866-4b3d-8ea2-150ad72e2b79" lookupentity="systemuser" lookupentityname="Omnichannel AppUser" />
        <field name="createdon" value="7/9/2019 5:00:19 AM" />
        <field name="msdyn_isruntime" value="True" />
        <field name="modifiedby" value="d6e088ce-8866-4b3d-8ea2-150ad72e2b79" lookupentity="systemuser" lookupentityname="Omnichannel AppUser" />
        <field name="modifiedon" value="7/9/2019 5:11:45 AM" />
        <field name="msdyn_name" value="entityrecord_data" />
        <field name="ownerid" value="d6e088ce-8866-4b3d-8ea2-150ad72e2b79" lookupentity="systemuser" lookupentityname="Omnichannel AppUser" />
        <field name="owningbusinessunit" value="d8b926f1-398f-e911-a9c5-000d3a33bfb5" lookupentity="businessunit" />
        <field name="owninguser" value="d6e088ce-8866-4b3d-8ea2-150ad72e2b79" lookupentity="systemuser" />
        <field name="msdyn_parametername" value="data" />
        <field name="msdyn_runtimetype" value="110000003" />
        <field name="statecode" value="0" />
        <field name="statuscode" value="1" />
      </record>
      <record id="8742253f-525b-e911-a9a4-000d3a36cc30">
        <field name="msdyn_consoleapplicationtemplateparameterid" value="8742253f-525b-e911-a9a4-000d3a36cc30" />
        <field name="createdby" value="d6e088ce-8866-4b3d-8ea2-150ad72e2b79" lookupentity="systemuser" lookupentityname="Omnichannel AppUser" />
        <field name="createdon" value="7/9/2019 5:00:20 AM" />
        <field name="msdyn_isruntime" value="True" />
        <field name="modifiedby" value="d6e088ce-8866-4b3d-8ea2-150ad72e2b79" lookupentity="systemuser" lookupentityname="Omnichannel AppUser" />
        <field name="modifiedon" value="7/9/2019 5:11:45 AM" />
        <field name="msdyn_name" value="entityrecord_entityName" />
        <field name="ownerid" value="d6e088ce-8866-4b3d-8ea2-150ad72e2b79" lookupentity="systemuser" lookupentityname="Omnichannel AppUser" />
        <field name="owningbusinessunit" value="d8b926f1-398f-e911-a9c5-000d3a33bfb5" lookupentity="businessunit" />
        <field name="owninguser" value="d6e088ce-8866-4b3d-8ea2-150ad72e2b79" lookupentity="systemuser" />
        <field name="msdyn_parametername" value="entityName" />
        <field name="msdyn_runtimetype" value="110000000" />
        <field name="statecode" value="0" />
        <field name="statuscode" value="1" />
      </record>
      <record id="8c42253f-525b-e911-a9a4-000d3a36cc30">
        <field name="msdyn_consoleapplicationtemplateparameterid" value="8c42253f-525b-e911-a9a4-000d3a36cc30" />
        <field name="createdby" value="d6e088ce-8866-4b3d-8ea2-150ad72e2b79" lookupentity="systemuser" lookupentityname="Omnichannel AppUser" />
        <field name="createdon" value="7/9/2019 5:00:22 AM" />
        <field name="msdyn_isruntime" value="True" />
        <field name="modifiedby" value="d6e088ce-8866-4b3d-8ea2-150ad72e2b79" lookupentity="systemuser" lookupentityname="Omnichannel AppUser" />
        <field name="modifiedon" value="7/9/2019 5:11:46 AM" />
        <field name="msdyn_name" value="entityrecord_entityId" />
        <field name="ownerid" value="d6e088ce-8866-4b3d-8ea2-150ad72e2b79" lookupentity="systemuser" lookupentityname="Omnichannel AppUser" />
        <field name="owningbusinessunit" value="d8b926f1-398f-e911-a9c5-000d3a33bfb5" lookupentity="businessunit" />
        <field name="owninguser" value="d6e088ce-8866-4b3d-8ea2-150ad72e2b79" lookupentity="systemuser" />
        <field name="msdyn_parametername" value="entityId" />
        <field name="msdyn_runtimetype" value="110000000" />
        <field name="statecode" value="0" />
        <field name="statuscode" value="1" />
      </record>
      <record id="8e42253f-525b-e911-a9a4-000d3a36cc30">
        <field name="msdyn_consoleapplicationtemplateparameterid" value="8e42253f-525b-e911-a9a4-000d3a36cc30" />
        <field name="createdby" value="d6e088ce-8866-4b3d-8ea2-150ad72e2b79" lookupentity="systemuser" lookupentityname="Omnichannel AppUser" />
        <field name="createdon" value="7/9/2019 5:00:21 AM" />
        <field name="msdyn_isruntime" value="True" />
        <field name="modifiedby" value="d6e088ce-8866-4b3d-8ea2-150ad72e2b79" lookupentity="systemuser" lookupentityname="Omnichannel AppUser" />
        <field name="modifiedon" value="7/9/2019 5:11:46 AM" />
        <field name="msdyn_name" value="entityrecord_createFromEntity" />
        <field name="ownerid" value="d6e088ce-8866-4b3d-8ea2-150ad72e2b79" lookupentity="systemuser" lookupentityname="Omnichannel AppUser" />
        <field name="owningbusinessunit" value="d8b926f1-398f-e911-a9c5-000d3a33bfb5" lookupentity="businessunit" />
        <field name="owninguser" value="d6e088ce-8866-4b3d-8ea2-150ad72e2b79" lookupentity="systemuser" />
        <field name="msdyn_parametername" value="createFromEntity" />
        <field name="msdyn_runtimetype" value="110000003" />
        <field name="statecode" value="0" />
        <field name="statuscode" value="1" />
      </record>
      <record id="8f42253f-525b-e911-a9a4-000d3a36cc30">
        <field name="msdyn_consoleapplicationtemplateparameterid" value="8f42253f-525b-e911-a9a4-000d3a36cc30" />
        <field name="createdby" value="d6e088ce-8866-4b3d-8ea2-150ad72e2b79" lookupentity="systemuser" lookupentityname="Omnichannel AppUser" />
        <field name="createdon" value="7/9/2019 5:00:21 AM" />
        <field name="msdyn_isruntime" value="False" />
        <field name="modifiedby" value="d6e088ce-8866-4b3d-8ea2-150ad72e2b79" lookupentity="systemuser" lookupentityname="Omnichannel AppUser" />
        <field name="modifiedon" value="7/9/2019 5:11:47 AM" />
        <field name="msdyn_name" value="entityrecord_formId" />
        <field name="ownerid" value="d6e088ce-8866-4b3d-8ea2-150ad72e2b79" lookupentity="systemuser" lookupentityname="Omnichannel AppUser" />
        <field name="owningbusinessunit" value="d8b926f1-398f-e911-a9c5-000d3a33bfb5" lookupentity="businessunit" />
        <field name="owninguser" value="d6e088ce-8866-4b3d-8ea2-150ad72e2b79" lookupentity="systemuser" />
        <field name="msdyn_parametername" value="formId" />
        <field name="msdyn_runtimetype" value="110000000" />
        <field name="statecode" value="0" />
        <field name="statuscode" value="1" />
      </record>
      <record id="9042253f-525b-e911-a9a4-000d3a36cc30">
        <field name="msdyn_consoleapplicationtemplateparameterid" value="9042253f-525b-e911-a9a4-000d3a36cc30" />
        <field name="createdby" value="d6e088ce-8866-4b3d-8ea2-150ad72e2b79" lookupentity="systemuser" lookupentityname="Omnichannel AppUser" />
        <field name="createdon" value="7/9/2019 5:00:21 AM" />
        <field name="msdyn_isruntime" value="False" />
        <field name="modifiedby" value="d6e088ce-8866-4b3d-8ea2-150ad72e2b79" lookupentity="systemuser" lookupentityname="Omnichannel AppUser" />
        <field name="modifiedon" value="7/9/2019 5:11:46 AM" />
        <field name="msdyn_name" value="entityrecord_processId" />
        <field name="ownerid" value="d6e088ce-8866-4b3d-8ea2-150ad72e2b79" lookupentity="systemuser" lookupentityname="Omnichannel AppUser" />
        <field name="owningbusinessunit" value="d8b926f1-398f-e911-a9c5-000d3a33bfb5" lookupentity="businessunit" />
        <field name="owninguser" value="d6e088ce-8866-4b3d-8ea2-150ad72e2b79" lookupentity="systemuser" />
        <field name="msdyn_parametername" value="processId" />
        <field name="msdyn_runtimetype" value="110000000" />
        <field name="statecode" value="0" />
        <field name="statuscode" value="1" />
      </record>
      <record id="9142253f-525b-e911-a9a4-000d3a36cc30">
        <field name="msdyn_consoleapplicationtemplateparameterid" value="9142253f-525b-e911-a9a4-000d3a36cc30" />
        <field name="createdby" value="d6e088ce-8866-4b3d-8ea2-150ad72e2b79" lookupentity="systemuser" lookupentityname="Omnichannel AppUser" />
        <field name="createdon" value="7/9/2019 5:00:23 AM" />
        <field name="msdyn_isruntime" value="True" />
        <field name="modifiedby" value="d6e088ce-8866-4b3d-8ea2-150ad72e2b79" lookupentity="systemuser" lookupentityname="Omnichannel AppUser" />
        <field name="modifiedon" value="7/9/2019 5:11:47 AM" />
        <field name="msdyn_name" value="entityrecord_processInstanceId" />
        <field name="ownerid" value="d6e088ce-8866-4b3d-8ea2-150ad72e2b79" lookupentity="systemuser" lookupentityname="Omnichannel AppUser" />
        <field name="owningbusinessunit" value="d8b926f1-398f-e911-a9c5-000d3a33bfb5" lookupentity="businessunit" />
        <field name="owninguser" value="d6e088ce-8866-4b3d-8ea2-150ad72e2b79" lookupentity="systemuser" />
        <field name="msdyn_parametername" value="processInstanceId" />
        <field name="msdyn_runtimetype" value="110000000" />
        <field name="statecode" value="0" />
        <field name="statuscode" value="1" />
      </record>
      <record id="9242253f-525b-e911-a9a4-000d3a36cc30">
        <field name="msdyn_consoleapplicationtemplateparameterid" value="9242253f-525b-e911-a9a4-000d3a36cc30" />
        <field name="createdby" value="d6e088ce-8866-4b3d-8ea2-150ad72e2b79" lookupentity="systemuser" lookupentityname="Omnichannel AppUser" />
        <field name="createdon" value="7/9/2019 5:00:22 AM" />
        <field name="msdyn_isruntime" value="True" />
        <field name="modifiedby" value="d6e088ce-8866-4b3d-8ea2-150ad72e2b79" lookupentity="systemuser" lookupentityname="Omnichannel AppUser" />
        <field name="modifiedon" value="7/9/2019 5:11:48 AM" />
        <field name="msdyn_name" value="entityrecord_selectedStageId" />
        <field name="ownerid" value="d6e088ce-8866-4b3d-8ea2-150ad72e2b79" lookupentity="systemuser" lookupentityname="Omnichannel AppUser" />
        <field name="owningbusinessunit" value="d8b926f1-398f-e911-a9c5-000d3a33bfb5" lookupentity="businessunit" />
        <field name="owninguser" value="d6e088ce-8866-4b3d-8ea2-150ad72e2b79" lookupentity="systemuser" />
        <field name="msdyn_parametername" value="selectedStageId" />
        <field name="msdyn_runtimetype" value="110000000" />
        <field name="statecode" value="0" />
        <field name="statuscode" value="1" />
      </record>
      <record id="9342253f-525b-e911-a9a4-000d3a36cc30">
        <field name="msdyn_consoleapplicationtemplateparameterid" value="9342253f-525b-e911-a9a4-000d3a36cc30" />
        <field name="createdby" value="d6e088ce-8866-4b3d-8ea2-150ad72e2b79" lookupentity="systemuser" lookupentityname="Omnichannel AppUser" />
        <field name="createdon" value="7/9/2019 5:00:22 AM" />
        <field name="msdyn_isruntime" value="False" />
        <field name="modifiedby" value="d6e088ce-8866-4b3d-8ea2-150ad72e2b79" lookupentity="systemuser" lookupentityname="Omnichannel AppUser" />
        <field name="modifiedon" value="7/9/2019 5:11:49 AM" />
        <field name="msdyn_name" value="entityrecord_isCrossEntityNavigate" />
        <field name="ownerid" value="d6e088ce-8866-4b3d-8ea2-150ad72e2b79" lookupentity="systemuser" lookupentityname="Omnichannel AppUser" />
        <field name="owningbusinessunit" value="d8b926f1-398f-e911-a9c5-000d3a33bfb5" lookupentity="businessunit" />
        <field name="owninguser" value="d6e088ce-8866-4b3d-8ea2-150ad72e2b79" lookupentity="systemuser" />
        <field name="msdyn_parametername" value="isCrossEntityNavigate" />
        <field name="msdyn_runtimetype" value="110000002" />
        <field name="statecode" value="0" />
        <field name="statuscode" value="1" />
      </record>
      <record id="9442253f-525b-e911-a9a4-000d3a36cc30">
        <field name="msdyn_consoleapplicationtemplateparameterid" value="9442253f-525b-e911-a9a4-000d3a36cc30" />
        <field name="createdby" value="d6e088ce-8866-4b3d-8ea2-150ad72e2b79" lookupentity="systemuser" lookupentityname="Omnichannel AppUser" />
        <field name="createdon" value="7/9/2019 5:00:22 AM" />
        <field name="msdyn_isruntime" value="False" />
        <field name="modifiedby" value="d6e088ce-8866-4b3d-8ea2-150ad72e2b79" lookupentity="systemuser" lookupentityname="Omnichannel AppUser" />
        <field name="modifiedon" value="7/9/2019 5:11:47 AM" />
        <field name="msdyn_name" value="entityrecord_relationship" />
        <field name="ownerid" value="d6e088ce-8866-4b3d-8ea2-150ad72e2b79" lookupentity="systemuser" lookupentityname="Omnichannel AppUser" />
        <field name="owningbusinessunit" value="d8b926f1-398f-e911-a9c5-000d3a33bfb5" lookupentity="businessunit" />
        <field name="owninguser" value="d6e088ce-8866-4b3d-8ea2-150ad72e2b79" lookupentity="systemuser" />
        <field name="msdyn_parametername" value="relationship" />
        <field name="msdyn_runtimetype" value="110000003" />
        <field name="statecode" value="0" />
        <field name="statuscode" value="1" />
      </record>
      <record id="9542253f-525b-e911-a9a4-000d3a36cc30">
        <field name="msdyn_consoleapplicationtemplateparameterid" value="9542253f-525b-e911-a9a4-000d3a36cc30" />
        <field name="createdby" value="d6e088ce-8866-4b3d-8ea2-150ad72e2b79" lookupentity="systemuser" lookupentityname="Omnichannel AppUser" />
        <field name="createdon" value="7/9/2019 5:00:24 AM" />
        <field name="msdyn_isruntime" value="True" />
        <field name="modifiedby" value="d6e088ce-8866-4b3d-8ea2-150ad72e2b79" lookupentity="systemuser" lookupentityname="Omnichannel AppUser" />
        <field name="modifiedon" value="7/9/2019 5:11:49 AM" />
        <field name="msdyn_name" value="entityrecord_isOfflineSyncError" />
        <field name="ownerid" value="d6e088ce-8866-4b3d-8ea2-150ad72e2b79" lookupentity="systemuser" lookupentityname="Omnichannel AppUser" />
        <field name="owningbusinessunit" value="d8b926f1-398f-e911-a9c5-000d3a33bfb5" lookupentity="businessunit" />
        <field name="owninguser" value="d6e088ce-8866-4b3d-8ea2-150ad72e2b79" lookupentity="systemuser" />
        <field name="msdyn_parametername" value="isOfflineSyncError" />
        <field name="msdyn_runtimetype" value="110000002" />
        <field name="statecode" value="0" />
        <field name="statuscode" value="1" />
        <field name="msdyn_value" value="0" />
      </record>
    </records>
    <m2mrelationships />
  </entity>
  <entity name="msdyn_consoleapplicationsessiontemplate" displayname="Session Templates">
    <records>
      <record id="a95c8616-0eae-e911-a984-000d3a33efbc">
        <field name="msdyn_anchortab" value="aec047f0-0dae-e911-a984-000d3a33efbc" lookupentity="msdyn_consoleapplicationtemplate" lookupentityname="Contacts" />
        <field name="msdyn_panelstate" value="100000000" />
        <field name="createdby" value="8afc20db-a594-e911-a9c2-000d3a33bcb9" lookupentity="systemuser" lookupentityname="Alicia Thomber" />
        <field name="createdon" value="7/24/2019 12:25:15 PM" />
        <field name="msdyn_ispanelhidden" value="False" />
        <field name="modifiedby" value="8afc20db-a594-e911-a9c2-000d3a33bcb9" lookupentity="systemuser" lookupentityname="Alicia Thomber" />
        <field name="modifiedon" value="8/27/2019 5:21:08 PM" />
        <field name="msdyn_name" value="TwilioCallSessionTemplate" />
        <field name="ownerid" value="8afc20db-a594-e911-a9c2-000d3a33bcb9" lookupentity="systemuser" lookupentityname="Alicia Thomber" />
        <field name="owningbusinessunit" value="d8b926f1-398f-e911-a9c5-000d3a33bfb5" lookupentity="businessunit" />
        <field name="owninguser" value="8afc20db-a594-e911-a9c2-000d3a33bcb9" lookupentity="systemuser" />
        <field name="msdyn_pinned" value="False" />
        <field name="msdyn_consoleapplicationsessiontemplateid" value="a95c8616-0eae-e911-a984-000d3a33efbc" />
        <field name="msdyn_title" value="Call from {customer}" />
        <field name="statecode" value="0" />
        <field name="statuscode" value="1" />
      </record>
	  </records>
    <m2mrelationships />
  </entity>
</entities>