<ImportExportXml xmlns:xsi="http://www.w3.org/2001/XMLSchema-instance">
  <Entities></Entities>
  <Roles></Roles>
  <Workflows></Workflows>
  <FieldSecurityProfiles></FieldSecurityProfiles>
  <Templates />
  <EntityMaps />
  <EntityRelationships />
  <OrganizationSettings>
    <sales>
      <useinbuiltrulefordefaultpricelistselection>True</useinbuiltrulefordefaultpricelistselection>
      <maxproductsinbundle>15</maxproductsinbundle>
      <oobpricecalculationenabled>False</oobpricecalculationenabled>
      <discountcalculationmethod>0</discountcalculationmethod>
      <maximumdynamicpropertiesallowed>50</maximumdynamicpropertiesallowed>
      <createproductswithoutparentinactivestate>False</createproductswithoutparentinactivestate>
    </sales>
  </OrganizationSettings>
  <optionsets />
  <SolutionPluginAssemblies>
    <PluginAssembly FullName="CalculatePrice.Plugin, Version=1.0.0.0, Culture=neutral, PublicKeyToken=f218712d2f815bb4" CustomizationLevel="1">
      <IsolationMode>2</IsolationMode>
      <SourceType>0</SourceType>
      <IntroducedVersion>1.0</IntroducedVersion>
      <FileName>/PluginAssemblies/CalculatePricePlugin-BA08A0E9-C18E-443A-B24D-9458CF66D38A/CalculatePricePlugin.dll</FileName>
      <PluginTypes>
        <PluginType AssemblyQualifiedName="Microsoft.Crm.Sdk.Samples.CalculatePricePlugin, CalculatePrice.Plugin, Version=1.0.0.0, Culture=neutral, PublicKeyToken=f218712d2f815bb4" Name="Microsoft.Crm.Sdk.Samples.CalculatePricePlugin">
          <FriendlyName>dc6c9af8-a6df-4be5-a0fd-b0a26c19a587</FriendlyName>
        </PluginType>
      </PluginTypes>
    </PluginAssembly>
  </SolutionPluginAssemblies>
  <SdkMessageProcessingSteps>
    <SdkMessageProcessingStep Name="Microsoft.Crm.Sdk.Samples.CalculatePricePlugin: CalculatePrice of  any Entity" SdkMessageProcessingStepId="{667cc84b-1248-e411-80ca-00155da94303}">
      <PluginTypeName>Microsoft.Crm.Sdk.Samples.CalculatePricePlugin, CalculatePrice.Plugin, Version=1.0.0.0, Culture=neutral, PublicKeyToken=f218712d2f815bb4</PluginTypeName>
      <AsyncAutoDelete>0</AsyncAutoDelete>
      <Description>Calculates price of opportinity, quotes, orders, and invoives.</Description>
      <InvocationSource>1</InvocationSource>
      <Mode>0</Mode>
      <Rank>1</Rank>
      <SdkMessageId>{6c9b0335-34d7-4a84-961e-832a3c0f81d1}</SdkMessageId>
      <EventHandlerTypeCode>4602</EventHandlerTypeCode>
      <Stage>40</Stage>
      <IsCustomizable>1</IsCustomizable>
      <IsHidden>0</IsHidden>
      <SupportedDeployment>0</SupportedDeployment>
      <IntroducedVersion>1.0</IntroducedVersion>
      <SdkMessageProcessingStepImages />
    </SdkMessageProcessingStep>
  </SdkMessageProcessingSteps>
  <Languages>
    <Language>1033</Language>
  </Languages>
</ImportExportXml>