<ImportExportXml version="7.0.0000.3027" SolutionPackageVersion="7.0" languagecode="1033" generatedBy="OnPremise" xmlns:xsi="http://www.w3.org/2001/XMLSchema-instance">
  <SolutionManifest>
    <UniqueName>SampleCalculatePricePlugin</UniqueName>
    <LocalizedNames>
      <LocalizedName description="Sample: Calculate Price Plug-in" languagecode="1033" />
    </LocalizedNames>
    <Descriptions>
      <Description description="Registers the sample plug-in and configures the system setting to calculate custom pricing for your opportunities, quotes, orders, and invoices.&#xA;&#xA;NOTE: Removing this sample only unregisters the sample plug-in; it does not revert the system settings related to Sales that was set when you imported this solution. You should manually change the system settings related to Sales as per your requirement. For more information about using custom prices, see Use custom prices for products (http://go.microsoft.com/fwlink/p/?LinkId=512835)." languagecode="1033" />
    </Descriptions>
    <Version>1.0.0.0</Version>
    <Managed>1</Managed>
    <Publisher>
      <UniqueName>microsoftdynamicscrmsdksamples</UniqueName>
      <LocalizedNames>
        <LocalizedName description="Microsoft Dynamics CRM SDK Samples" languagecode="1033" />
      </LocalizedNames>
      <Descriptions>
        <Description description="This publisher is used by samples created for the Microsoft Dynamics CRM Software Development Kit (SDK) documentation." languagecode="1033" />
      </Descriptions>
      <EMailAddress>mscrmdf@microsoft.com</EMailAddress>
      <SupportingWebsiteUrl>http://msdn.microsoft.com/en-us/dynamics/crm/default</SupportingWebsiteUrl>
      <CustomizationPrefix>sample</CustomizationPrefix>
      <CustomizationOptionValuePrefix>72700</CustomizationOptionValuePrefix>
      <Addresses>
        <Address>
          <AddressNumber>1</AddressNumber>
          <AddressTypeCode>1</AddressTypeCode>
          <City xsi:nil="true"></City>
          <County xsi:nil="true"></County>
          <Country xsi:nil="true"></Country>
          <Fax xsi:nil="true"></Fax>
          <FreightTermsCode xsi:nil="true"></FreightTermsCode>
          <ImportSequenceNumber xsi:nil="true"></ImportSequenceNumber>
          <Latitude xsi:nil="true"></Latitude>
          <Line1 xsi:nil="true"></Line1>
          <Line2 xsi:nil="true"></Line2>
          <Line3 xsi:nil="true"></Line3>
          <Longitude xsi:nil="true"></Longitude>
          <Name xsi:nil="true"></Name>
          <PostalCode xsi:nil="true"></PostalCode>
          <PostOfficeBox xsi:nil="true"></PostOfficeBox>
          <PrimaryContactName xsi:nil="true"></PrimaryContactName>
          <ShippingMethodCode>1</ShippingMethodCode>
          <StateOrProvince xsi:nil="true"></StateOrProvince>
          <Telephone1 xsi:nil="true"></Telephone1>
          <Telephone2 xsi:nil="true"></Telephone2>
          <Telephone3 xsi:nil="true"></Telephone3>
          <TimeZoneRuleVersionNumber xsi:nil="true"></TimeZoneRuleVersionNumber>
          <UPSZone xsi:nil="true"></UPSZone>
          <UTCOffset xsi:nil="true"></UTCOffset>
          <UTCConversionTimeZoneCode xsi:nil="true"></UTCConversionTimeZoneCode>
        </Address>
        <Address>
          <AddressNumber>2</AddressNumber>
          <AddressTypeCode>1</AddressTypeCode>
          <City xsi:nil="true"></City>
          <County xsi:nil="true"></County>
          <Country xsi:nil="true"></Country>
          <Fax xsi:nil="true"></Fax>
          <FreightTermsCode xsi:nil="true"></FreightTermsCode>
          <ImportSequenceNumber xsi:nil="true"></ImportSequenceNumber>
          <Latitude xsi:nil="true"></Latitude>
          <Line1 xsi:nil="true"></Line1>
          <Line2 xsi:nil="true"></Line2>
          <Line3 xsi:nil="true"></Line3>
          <Longitude xsi:nil="true"></Longitude>
          <Name xsi:nil="true"></Name>
          <PostalCode xsi:nil="true"></PostalCode>
          <PostOfficeBox xsi:nil="true"></PostOfficeBox>
          <PrimaryContactName xsi:nil="true"></PrimaryContactName>
          <ShippingMethodCode>1</ShippingMethodCode>
          <StateOrProvince xsi:nil="true"></StateOrProvince>
          <Telephone1 xsi:nil="true"></Telephone1>
          <Telephone2 xsi:nil="true"></Telephone2>
          <Telephone3 xsi:nil="true"></Telephone3>
          <TimeZoneRuleVersionNumber xsi:nil="true"></TimeZoneRuleVersionNumber>
          <UPSZone xsi:nil="true"></UPSZone>
          <UTCOffset xsi:nil="true"></UTCOffset>
          <UTCConversionTimeZoneCode xsi:nil="true"></UTCConversionTimeZoneCode>
        </Address>
      </Addresses>
    </Publisher>
    <RootComponents>
      <RootComponent type="91" schemaName="CalculatePrice.Plugin, Version=1.0.0.0, Culture=neutral, PublicKeyToken=f218712d2f815bb4" />
      <RootComponent type="92" id="{667cc84b-1248-e411-80ca-00155da94303}" />
    </RootComponents>
    <MissingDependencies />
  </SolutionManifest>
</ImportExportXml>