<ImportExportXml xmlns:xsi="http://www.w3.org/2001/XMLSchema-instance">
  <Entities></Entities>
  <Roles></Roles>
  <Workflows></Workflows>
  <FieldSecurityProfiles></FieldSecurityProfiles>
  <Templates />
  <EntityMaps />
  <EntityRelationships />
  <OrganizationSettings />
  <optionsets />
  <SolutionPluginAssemblies>
    <PluginAssembly FullName="SamplePlugins, Version=0.0.0.0, Culture=neutral, PublicKeyToken=829f574d80e89132" CustomizationLevel="1">
      <IsolationMode>2</IsolationMode>
      <SourceType>0</SourceType>
      <FileName>/PluginAssemblies/SamplePlugins-23068756-F6D8-4470-A20C-832FFB3C4644/SamplePlugins.dll</FileName>
      <PluginTypes>
        <PluginType AssemblyQualifiedName="Microsoft.Crm.Sdk.Samples.AccountNumberPlugin, SamplePlugins, Version=0.0.0.0, Culture=neutral, PublicKeyToken=829f574d80e89132" Name="Microsoft.Crm.Sdk.Samples.AccountNumberPlugin">
          <FriendlyName>be008f4e-7f1e-4bd1-a950-12640c2f2583</FriendlyName>
        </PluginType>
        <PluginType AssemblyQualifiedName="Microsoft.Crm.Sdk.Samples.AdvancedPlugin, SamplePlugins, Version=0.0.0.0, Culture=neutral, PublicKeyToken=829f574d80e89132" Name="Microsoft.Crm.Sdk.Samples.AdvancedPlugin">
          <FriendlyName>d98d9bd7-99a5-49a8-ac59-3278312170fa</FriendlyName>
        </PluginType>
        <PluginType AssemblyQualifiedName="Microsoft.Crm.Sdk.Samples.FollowupPlugin, SamplePlugins, Version=0.0.0.0, Culture=neutral, PublicKeyToken=829f574d80e89132" Name="Microsoft.Crm.Sdk.Samples.FollowupPlugin">
          <FriendlyName>6d0c0f94-1dc9-4d93-ba2f-9d84d4d26f6c</FriendlyName>
        </PluginType>
        <PluginType AssemblyQualifiedName="Microsoft.Crm.Sdk.Samples.PostEventPlugin, SamplePlugins, Version=0.0.0.0, Culture=neutral, PublicKeyToken=829f574d80e89132" Name="Microsoft.Crm.Sdk.Samples.PostEventPlugin">
          <FriendlyName>9e7e031c-7378-4ecb-b435-d06de1ecfd21</FriendlyName>
        </PluginType>
        <PluginType AssemblyQualifiedName="Microsoft.Crm.Sdk.Samples.PreEventPlugin, SamplePlugins, Version=0.0.0.0, Culture=neutral, PublicKeyToken=829f574d80e89132" Name="Microsoft.Crm.Sdk.Samples.PreEventPlugin">
          <FriendlyName>869f81b7-d835-482d-b5a9-de9d57216ebf</FriendlyName>
        </PluginType>
        <PluginType AssemblyQualifiedName="Microsoft.Crm.Sdk.Samples.WebClientPlugin, SamplePlugins, Version=0.0.0.0, Culture=neutral, PublicKeyToken=829f574d80e89132" Name="Microsoft.Crm.Sdk.Samples.WebClientPlugin">
          <FriendlyName>a1be09fd-f9b8-46a5-a1ed-1209250917eb</FriendlyName>
        </PluginType>
      </PluginTypes>
    </PluginAssembly>
  </SolutionPluginAssemblies>
  <Languages>
    <Language>1033</Language>
  </Languages>
</ImportExportXml>