<msdyn_applicationtabtemplate msdyn_uniquename="sample_entityrecord">
  <iscustomizable>1</iscustomizable>
  <msdyn_name default="entityrecord">
    <label description="entityrecord" languagecode="1033" />
  </msdyn_name>
  <msdyn_pagetype>509180001</msdyn_pagetype>
  <msdyn_pinned>0</msdyn_pinned>
  <msdyn_templateparameters>{"createFromEntity":{"value":null},"data":{"value":null},"entityId":{"value":null},"entityName":{"value":null},"formId":{"value":null},"processId":{"value":null},"relationship":{"value":null},"selectedStageId":{"value":null},"processInstanceId":{"value":null}}</msdyn_templateparameters>
  <statecode>0</statecode>
  <statuscode>1</statuscode>
</msdyn_applicationtabtemplate>