<ImportExportXml version="8.2.0000.0313" SolutionPackageVersion="8.0" languagecode="1033" generatedBy="OnPremise" xmlns:xsi="http://www.w3.org/2001/XMLSchema-instance">
  <SolutionManifest>
    <UniqueName>DependentOptionSetsSample</UniqueName>
    <LocalizedNames>
      <LocalizedName description="Dependent OptionSets Sample" languagecode="1033" />
    </LocalizedNames>
    <Descriptions>
      <Description description="This solution contains a custom entity and web resources to demonstrate how a dependent optionset attributes can be defined using form Scripts.&#xA;&#xA;Details about this sample are available at http://msdn.microsoft.com/en-us/library/gg594433.aspx&#xA;&#xA;To verify this sample works, view the Configuration page for this solution.&#xA;&#xA;Release History&#xA;v.1.0.0.1&#xA; - Refactored the SDK.DependentOptionSet.js library to make it a bit easier to understand the namespaced function names&#xA;&#xA;v.1.0.0.2&#xA; - Changed the sample_DependentOptionSetSampleConfig.htm web resource to use Xrm.Utility.openEntityForm instead of window.open&#xA; - Removed an errant bracket from the sample_SDK.DependentOptionSetSample.js SDK.DependentOptionSet.init function which was syntactically incorrect.&#xA;v.1.0.0.3&#xA; - Updated the sample to work for Dynamics CRM 2015&#xA;v.2.0.0.0&#xA; - Re-wrote the sample to use JSON to store the configuration data&#xA; - Tested with CRM for Tablets and Interactive Service Hub clients" languagecode="1033" />
    </Descriptions>
    <Version>2.0.0.0</Version>
    <Managed>1</Managed>
    <ConfigurationPage>sample_DependentOptionSetSampleConfig.htm</ConfigurationPage>
    <Publisher>
      <UniqueName>microsoftdynamicscrmsdksamples</UniqueName>
      <LocalizedNames>
        <LocalizedName description="Microsoft Dynamics CRM SDK Samples" languagecode="1033" />
      </LocalizedNames>
      <Descriptions>
        <Description description="This publisher is used by samples created for the Microsoft Dynamics CRM Software Development Kit (SDK) documentation." languagecode="1033" />
      </Descriptions>
      <EMailAddress>mscrmdf@microsoft.com</EMailAddress>
      <SupportingWebsiteUrl>http://msdn.microsoft.com/en-us/dynamics/crm/default</SupportingWebsiteUrl>
      <CustomizationPrefix>sample</CustomizationPrefix>
      <CustomizationOptionValuePrefix>72700</CustomizationOptionValuePrefix>
      <Addresses>
        <Address>
          <AddressNumber>1</AddressNumber>
          <AddressTypeCode>1</AddressTypeCode>
          <City xsi:nil="true"></City>
          <County xsi:nil="true"></County>
          <Country xsi:nil="true"></Country>
          <Fax xsi:nil="true"></Fax>
          <FreightTermsCode xsi:nil="true"></FreightTermsCode>
          <ImportSequenceNumber xsi:nil="true"></ImportSequenceNumber>
          <Latitude xsi:nil="true"></Latitude>
          <Line1 xsi:nil="true"></Line1>
          <Line2 xsi:nil="true"></Line2>
          <Line3 xsi:nil="true"></Line3>
          <Longitude xsi:nil="true"></Longitude>
          <Name xsi:nil="true"></Name>
          <PostalCode xsi:nil="true"></PostalCode>
          <PostOfficeBox xsi:nil="true"></PostOfficeBox>
          <PrimaryContactName xsi:nil="true"></PrimaryContactName>
          <ShippingMethodCode>1</ShippingMethodCode>
          <StateOrProvince xsi:nil="true"></StateOrProvince>
          <Telephone1 xsi:nil="true"></Telephone1>
          <Telephone2 xsi:nil="true"></Telephone2>
          <Telephone3 xsi:nil="true"></Telephone3>
          <TimeZoneRuleVersionNumber xsi:nil="true"></TimeZoneRuleVersionNumber>
          <UPSZone xsi:nil="true"></UPSZone>
          <UTCOffset xsi:nil="true"></UTCOffset>
          <UTCConversionTimeZoneCode xsi:nil="true"></UTCConversionTimeZoneCode>
        </Address>
        <Address>
          <AddressNumber>2</AddressNumber>
          <AddressTypeCode>1</AddressTypeCode>
          <City xsi:nil="true"></City>
          <County xsi:nil="true"></County>
          <Country xsi:nil="true"></Country>
          <Fax xsi:nil="true"></Fax>
          <FreightTermsCode xsi:nil="true"></FreightTermsCode>
          <ImportSequenceNumber xsi:nil="true"></ImportSequenceNumber>
          <Latitude xsi:nil="true"></Latitude>
          <Line1 xsi:nil="true"></Line1>
          <Line2 xsi:nil="true"></Line2>
          <Line3 xsi:nil="true"></Line3>
          <Longitude xsi:nil="true"></Longitude>
          <Name xsi:nil="true"></Name>
          <PostalCode xsi:nil="true"></PostalCode>
          <PostOfficeBox xsi:nil="true"></PostOfficeBox>
          <PrimaryContactName xsi:nil="true"></PrimaryContactName>
          <ShippingMethodCode>1</ShippingMethodCode>
          <StateOrProvince xsi:nil="true"></StateOrProvince>
          <Telephone1 xsi:nil="true"></Telephone1>
          <Telephone2 xsi:nil="true"></Telephone2>
          <Telephone3 xsi:nil="true"></Telephone3>
          <TimeZoneRuleVersionNumber xsi:nil="true"></TimeZoneRuleVersionNumber>
          <UPSZone xsi:nil="true"></UPSZone>
          <UTCOffset xsi:nil="true"></UTCOffset>
          <UTCConversionTimeZoneCode xsi:nil="true"></UTCConversionTimeZoneCode>
        </Address>
      </Addresses>
    </Publisher>
    <RootComponents>
      <RootComponent type="1" schemaName="sample_ticket" behavior="0" />
      <RootComponent type="60" id="{213e0c41-92e6-4378-9aaa-fdb1215618fa}" behavior="0" />
      <RootComponent type="60" id="{329e8412-7b72-4edd-9f85-588b3762a485}" behavior="0" />
      <RootComponent type="60" id="{812e01c5-8e90-4653-b6b6-93da1b7bbd3a}" behavior="0" />
      <RootComponent type="61" schemaName="sample_DependentOptionSetSampleConfig.htm" behavior="0" />
      <RootComponent type="61" schemaName="sample_SDK.DependentOptionSetSample.js" behavior="0" />
      <RootComponent type="61" schemaName="sample_TicketDependentOptionSetConfig.js" behavior="0" />
    </RootComponents>
    <MissingDependencies />
  </SolutionManifest>
</ImportExportXml>